Date,Day_of_Week,Week_of_Year,Mood,Physical Activity (minutes),Sleep Hours,Heart Rate (bpm),Calories Consumed,Hydration (liters),Sleep Quality,Stress Level,Energy Level
2022-01-01,Saturday,52,Neutral,34,8.23345103509413,61,2607,2.2903086295894,Good,Low,Medium
2022-01-02,Sunday,52,Happy,133,9.551489904493994,86,2636,3.7112727153254266,Average,Moderate,Medium
2022-01-03,Monday,1,Neutral,81,5.083452070764001,80,1831,3.537548651379903,Good,Moderate,High
2022-01-04,Tuesday,1,Neutral,114,7.407671383315777,97,2901,2.20282528741914,Average,Low,High
2022-01-05,Wednesday,1,Happy,46,9.49292978552825,74,2154,3.289325090803925,Poor,Moderate,High
2022-01-06,Thursday,1,Happy,152,4.203675871514793,80,1540,3.469482492126578,Average,Low,Low
2022-01-07,Friday,1,Neutral,9,8.18452160348104,69,2458,3.666662272010889,Good,Moderate,High
2022-01-08,Saturday,1,Sad,55,5.784094044235305,82,1604,2.633517307147684,Good,Low,Low
2022-01-09,Sunday,1,Neutral,29,9.546377172259183,98,1701,1.6133826581641353,Poor,Moderate,Medium
2022-01-10,Monday,2,Neutral,108,9.826349470992206,64,1949,1.765927229511795,Average,Low,Medium
2022-01-11,Tuesday,2,Neutral,4,9.665598934680602,60,2789,1.8870840221248126,Average,Moderate,High
2022-01-12,Wednesday,2,Neutral,118,6.845285299944782,72,2409,2.7814074424288466,Average,High,Low
2022-01-13,Thursday,2,Happy,32,9.17225590593588,80,1709,1.0984288723858253,Poor,Moderate,High
2022-01-14,Friday,2,Neutral,117,9.067296391210423,85,2062,2.9081274063399047,Average,Low,High
2022-01-15,Saturday,2,Sad,64,5.914602839459533,80,2641,2.093062715284696,Good,High,Low
2022-01-16,Sunday,2,Happy,145,8.973492844904065,77,2212,1.8857254074689265,Average,Moderate,High
2022-01-17,Monday,3,Sad,176,4.222045808292956,96,2900,3.638489712184379,Poor,High,Medium
2022-01-18,Tuesday,3,Sad,10,7.577619270892319,91,2270,2.3800071867423966,Average,Moderate,High
2022-01-19,Wednesday,3,Sad,84,5.3800530237262185,95,2607,1.2851591365980783,Average,High,Low
2022-01-20,Thursday,3,Sad,25,4.723401314663673,76,1953,3.480240304078741,Good,Low,Low
2022-01-21,Friday,3,Happy,62,4.461719209775255,94,2166,1.1429237723095198,Average,Moderate,Medium
2022-01-22,Saturday,3,Happy,85,8.177732655268839,70,2128,3.18024767250459,Good,Moderate,Low
2022-01-23,Sunday,3,Sad,58,6.039249782608397,80,1886,3.3217186653119954,Good,Low,Low
2022-01-24,Monday,4,Sad,26,8.34860062917257,85,2873,2.0578078177865744,Poor,High,Medium
2022-01-25,Tuesday,4,Happy,176,4.392138044793654,63,1795,3.4743635688333603,Good,Low,High
2022-01-26,Wednesday,4,Happy,160,5.891742026983662,93,1757,2.54697821756936,Good,Low,Medium
2022-01-27,Thursday,4,Happy,97,7.236947754252023,77,2604,2.3898809598183903,Poor,High,High
2022-01-28,Friday,4,Neutral,104,8.744338989033782,99,1767,1.1362098444060775,Good,Low,Medium
2022-01-29,Saturday,4,Neutral,98,5.912515017592419,94,1918,1.8700875809467177,Poor,Moderate,High
2022-01-30,Sunday,4,Neutral,128,7.755348258622055,88,1734,3.7930299126558995,Average,Moderate,Medium
2022-01-31,Monday,5,Sad,148,9.315866489417122,88,2834,2.1754718898505,Poor,Moderate,High
2022-02-01,Tuesday,5,Neutral,54,7.695179129093828,97,2485,2.640101561670305,Good,Low,Medium
2022-02-02,Wednesday,5,Sad,5,5.397756848521802,80,2880,2.5960650369527554,Poor,Moderate,High
2022-02-03,Thursday,5,Sad,94,4.146404689339228,72,2736,2.77129326946808,Good,Moderate,Medium
2022-02-04,Friday,5,Neutral,132,9.22059324340558,76,2073,1.1839928669298478,Average,Moderate,Low
2022-02-05,Saturday,5,Sad,101,4.127616465102323,68,1548,2.086528764396185,Poor,Moderate,High
2022-02-06,Sunday,5,Neutral,2,9.248210036105196,60,2650,3.1693848216476628,Average,Moderate,Medium
2022-02-07,Monday,6,Neutral,22,7.173622804163272,61,1722,1.6016807532189488,Good,Moderate,High
2022-02-08,Tuesday,6,Happy,52,9.634406191077378,88,2420,1.6107351326390813,Good,Low,High
2022-02-09,Wednesday,6,Neutral,164,8.792699414641993,92,2802,1.0302718200670742,Average,Moderate,Medium
2022-02-10,Thursday,6,Happy,82,9.987604663200024,69,2931,2.312445779824629,Poor,Moderate,High
2022-02-11,Friday,6,Neutral,144,6.104270892710261,99,2817,3.6482031420202663,Poor,High,Medium
2022-02-12,Saturday,6,Neutral,84,8.603129733586762,80,1776,1.155702830761927,Good,Low,Low
2022-02-13,Sunday,6,Happy,77,6.411585481655453,87,2961,1.5733561284880078,Average,Low,High
2022-02-14,Monday,7,Happy,109,6.879253721823453,70,2630,1.9302536150282652,Average,Low,Low
2022-02-15,Tuesday,7,Neutral,0,7.7650327793102205,93,1919,3.1951742096926385,Poor,Low,High
2022-02-16,Wednesday,7,Sad,50,9.242062685118032,67,2110,2.9219067784077595,Poor,Moderate,High
2022-02-17,Thursday,7,Happy,172,9.904500815195771,81,2952,2.247831713745565,Poor,Moderate,High
2022-02-18,Friday,7,Sad,3,8.609640483187109,67,1874,3.2772068177751272,Average,High,Medium
2022-02-19,Saturday,7,Sad,112,6.506600693004002,74,1572,2.8288930349707058,Poor,High,Low
2022-02-20,Sunday,7,Sad,31,6.528142013662421,76,2553,3.6881223989716574,Poor,Low,High
2022-02-21,Monday,8,Happy,33,8.42549380953335,82,2711,3.454080247416079,Good,High,Medium
2022-02-22,Tuesday,8,Sad,91,5.4326628746098145,83,2887,1.7584408182676017,Poor,High,High
2022-02-23,Wednesday,8,Happy,94,4.6628446787883675,78,2974,1.8143157329026005,Poor,Low,Medium
2022-02-24,Thursday,8,Sad,71,6.127732945844659,64,1694,1.376069427377157,Average,Low,High
2022-02-25,Friday,8,Neutral,38,5.72343394992449,91,2679,2.0108941771523696,Average,High,Low
2022-02-26,Saturday,8,Neutral,153,5.777848722735941,60,2695,3.998631756157283,Good,Moderate,Low
2022-02-27,Sunday,8,Happy,161,5.40164650629946,82,2346,2.217253505845183,Poor,High,High
2022-02-28,Monday,9,Neutral,117,4.252559137818171,96,2564,1.661465304067319,Good,High,Medium
2022-03-01,Tuesday,9,Neutral,2,4.107243608400482,67,2586,3.287448653426659,Average,Moderate,High
2022-03-02,Wednesday,9,Sad,122,9.92633433841619,72,1522,2.6274130103879685,Good,Moderate,Medium
2022-03-03,Thursday,9,Happy,49,6.566638802415174,67,1859,1.4488043485808575,Average,Low,High
2022-03-04,Friday,9,Sad,11,6.30595988295809,82,2598,2.1420690434825973,Good,Low,Medium
2022-03-05,Saturday,9,Sad,53,8.07788369615842,60,2059,2.24340914661803,Good,High,Low
2022-03-06,Sunday,9,Sad,132,5.3095233271903854,83,2171,3.2614891017076557,Poor,Moderate,High
2022-03-07,Monday,10,Sad,56,9.699767103701351,94,2641,1.0620141066757134,Good,Low,Low
2022-03-08,Tuesday,10,Sad,144,8.718070086493313,83,2903,1.8070589403949313,Poor,High,Low
2022-03-09,Wednesday,10,Sad,111,4.536466013873557,76,2178,2.552788903946566,Poor,Moderate,High
2022-03-10,Thursday,10,Sad,46,6.50548465470957,64,2813,1.80654022735853,Poor,High,High
2022-03-11,Friday,10,Happy,150,9.274709845372989,79,1939,2.8853021422569967,Poor,Low,Medium
2022-03-12,Saturday,10,Neutral,84,9.668392133748462,80,2432,2.4456024378238497,Good,Low,Medium
2022-03-13,Sunday,10,Sad,141,6.804409067499218,99,1506,2.085130764578742,Average,Moderate,Low
2022-03-14,Monday,11,Sad,65,7.680468335264246,90,2719,3.8476258806115364,Average,High,Medium
2022-03-15,Tuesday,11,Sad,74,5.002203676552451,95,1920,2.8964784975593725,Average,Moderate,Medium
2022-03-16,Wednesday,11,Sad,178,9.947011756821858,70,2332,1.3898241168038237,Good,Low,High
2022-03-17,Thursday,11,Sad,102,5.390030208300661,74,2716,2.6802750923301866,Poor,Low,Medium
2022-03-18,Friday,11,Sad,165,9.656390644810754,78,2058,3.342195559602703,Average,High,Low
2022-03-19,Saturday,11,Neutral,37,7.897879893954211,66,2671,3.125469092478392,Good,High,Medium
2022-03-20,Sunday,11,Neutral,49,7.6464207692731545,87,2725,1.5162676878857781,Poor,High,Low
2022-03-21,Monday,12,Sad,97,7.076131066099052,64,2967,3.91725999712031,Average,Moderate,High
2022-03-22,Tuesday,12,Neutral,81,5.384018870306552,64,2413,2.346440937239818,Poor,High,Low
2022-03-23,Wednesday,12,Happy,29,5.05916819203305,89,2942,1.477075011220784,Average,High,Medium
2022-03-24,Thursday,12,Sad,78,5.322917254421052,91,2950,1.5405872623844439,Average,Low,High
2022-03-25,Friday,12,Happy,90,5.118629572865527,67,2506,1.2947049765672416,Average,Low,Medium
2022-03-26,Saturday,12,Happy,178,8.67750684140052,69,2998,3.410554325304803,Poor,High,High
2022-03-27,Sunday,12,Sad,51,6.100751555000381,97,1625,1.366091482965546,Good,High,High
2022-03-28,Monday,13,Neutral,165,4.347056059380378,91,1894,1.3753757714252408,Poor,Low,Medium
2022-03-29,Tuesday,13,Happy,78,9.814615780844868,87,2316,3.551414844282513,Average,High,Medium
2022-03-30,Wednesday,13,Sad,29,9.302715309780554,76,2380,2.033812253342679,Poor,Moderate,High
2022-03-31,Thursday,13,Happy,105,9.566513699171278,90,2075,1.0925737129242172,Good,Moderate,High
2022-04-01,Friday,13,Happy,50,9.969446935878612,67,1824,1.1556858985552325,Poor,Moderate,Medium
2022-04-02,Saturday,13,Happy,80,5.043371495316924,99,2915,1.4265113401116867,Good,High,Low
2022-04-03,Sunday,13,Happy,132,6.377452113415952,84,2429,1.6401800439270686,Good,Low,Medium
2022-04-04,Monday,14,Neutral,28,8.549430854224548,68,2963,2.995438582715216,Poor,High,High
2022-04-05,Tuesday,14,Happy,131,8.176123708322754,61,2727,1.4719788400054847,Average,High,Medium
2022-04-06,Wednesday,14,Happy,137,4.92337543803913,74,2332,1.356623173531216,Good,Low,Low
2022-04-07,Thursday,14,Happy,144,8.894998749943706,62,2554,3.2941574244288376,Poor,Low,Medium
2022-04-08,Friday,14,Neutral,73,5.346643431019964,95,2911,3.0131658515797435,Good,Low,High
2022-04-09,Saturday,14,Happy,16,5.342905688935739,63,2957,2.305972664365709,Average,Moderate,Medium
2022-04-10,Sunday,14,Happy,83,7.221846537360482,73,2336,2.647929314440312,Poor,High,High
2022-04-11,Monday,15,Neutral,68,7.557639609050219,84,2425,1.9359520609792553,Poor,Low,High
2022-04-12,Tuesday,15,Neutral,33,7.480517247026867,69,2899,2.447501260706082,Poor,High,Medium
2022-04-13,Wednesday,15,Neutral,5,4.548921024386529,80,2867,2.5200179469482373,Average,Moderate,High
2022-04-14,Thursday,15,Happy,52,9.264765175782282,95,1942,2.161711813534288,Good,Moderate,High
2022-04-15,Friday,15,Neutral,125,5.593600255532237,71,1574,3.719716632016488,Poor,Low,Low
2022-04-16,Saturday,15,Neutral,42,4.777089527696825,86,2056,1.0481855949430186,Good,Low,Low
2022-04-17,Sunday,15,Happy,114,9.332488479213863,99,2678,3.3465137892737387,Good,High,Low
2022-04-18,Monday,16,Neutral,110,9.73390898937852,61,2953,1.3731484937239729,Average,Low,Low
2022-04-19,Tuesday,16,Happy,150,9.172765703592704,72,1862,3.3926420816115983,Poor,High,High
2022-04-20,Wednesday,16,Sad,79,8.857096448349267,91,1947,2.8477357470301636,Good,Low,Medium
2022-04-21,Thursday,16,Neutral,94,7.93145188383413,90,2757,3.5298342728092074,Poor,High,High
2022-04-22,Friday,16,Sad,117,7.305144223654835,75,1761,1.2925429769226924,Poor,High,High
2022-04-23,Saturday,16,Happy,143,4.521920559468461,91,1624,2.676941902299322,Average,High,High
2022-04-24,Sunday,16,Neutral,7,6.4507192784241925,91,2410,2.5032636407865914,Poor,High,Medium
2022-04-25,Monday,17,Happy,131,6.236131102073884,93,1744,3.118579548890076,Poor,Moderate,Low
2022-04-26,Tuesday,17,Sad,103,5.558522702561957,70,2041,2.602871655681027,Good,High,High
2022-04-27,Wednesday,17,Happy,131,8.34052068213151,69,1984,2.6222037013993127,Average,Low,High
2022-04-28,Thursday,17,Neutral,24,6.975254410472624,74,1621,2.288787830728194,Poor,Moderate,Low
2022-04-29,Friday,17,Neutral,95,4.486277295445888,76,1624,1.9265032720220225,Good,Moderate,High
2022-04-30,Saturday,17,Sad,154,5.3210992116988685,99,1669,2.4467930837565763,Average,High,Medium
2022-05-01,Sunday,17,Happy,92,8.099552581957575,77,1623,1.3554770763052018,Average,Moderate,High
2022-05-02,Monday,18,Neutral,159,4.456785156941801,68,2558,3.8845400169492543,Good,High,High
2022-05-03,Tuesday,18,Sad,177,9.107241484292611,84,2610,3.1432322908797947,Good,Low,Low
2022-05-04,Wednesday,18,Neutral,60,6.970879162083846,99,2145,3.8574013500635402,Good,High,High
2022-05-05,Thursday,18,Neutral,121,6.883519463959888,73,2285,1.6801821469898899,Good,Moderate,High
2022-05-06,Friday,18,Happy,50,7.554446707957106,84,1700,3.638023060529584,Good,Low,Medium
2022-05-07,Saturday,18,Neutral,146,8.948085795550895,81,1868,3.4263699536906156,Poor,High,Low
2022-05-08,Sunday,18,Happy,20,6.086855247413158,89,2296,3.031457237373021,Poor,Low,Low
2022-05-09,Monday,19,Neutral,4,8.068096915354381,79,1576,2.8750875582556175,Average,Low,Medium
2022-05-10,Tuesday,19,Sad,91,7.394391783974746,80,1558,1.94964899580361,Poor,Moderate,High
2022-05-11,Wednesday,19,Neutral,169,5.602169621016528,91,1930,3.4492323548950923,Poor,Low,Low
2022-05-12,Thursday,19,Happy,60,9.271779918130948,80,2137,2.5045463844392013,Poor,Moderate,Low
2022-05-13,Friday,19,Happy,21,8.784556129641569,94,1608,1.212674727673856,Good,Low,High
2022-05-14,Saturday,19,Sad,148,7.950711007950553,91,2507,1.93858948256539,Average,High,High
2022-05-15,Sunday,19,Neutral,69,9.103490374565451,89,2801,3.8058912956359827,Average,Low,Low
2022-05-16,Monday,20,Neutral,0,9.203765205758813,98,1567,3.5520407818145388,Average,High,High
2022-05-17,Tuesday,20,Sad,132,8.250177860290208,71,2592,3.9457170942296176,Average,High,Low
2022-05-18,Wednesday,20,Neutral,11,9.022079970182032,77,2688,2.883980147812294,Poor,Low,High
2022-05-19,Thursday,20,Neutral,89,8.184828770015702,80,1804,1.7425302194212358,Poor,High,High
2022-05-20,Friday,20,Happy,45,8.080844630561803,72,2173,1.4884451490305914,Good,Low,Medium
2022-05-21,Saturday,20,Neutral,33,7.711668269291106,80,1864,1.560743321825385,Average,Low,High
2022-05-22,Sunday,20,Neutral,176,8.516299837345848,67,2320,1.0593869750417633,Poor,High,Medium
2022-05-23,Monday,21,Sad,77,4.951630631758443,99,2902,2.1720463329578177,Poor,High,High
2022-05-24,Tuesday,21,Sad,44,9.28522455519357,66,1842,1.5742830414986275,Good,Moderate,Low
2022-05-25,Wednesday,21,Happy,154,9.231061166471392,82,2446,2.234966381370107,Good,High,Low
2022-05-26,Thursday,21,Neutral,72,4.175483698207355,91,2398,3.8049832955162963,Good,Moderate,High
2022-05-27,Friday,21,Neutral,25,8.954900503388576,70,2877,2.29162062852157,Poor,High,High
2022-05-28,Saturday,21,Neutral,46,4.773219204840672,81,2939,3.6339534909545046,Poor,Low,Low
2022-05-29,Sunday,21,Happy,120,6.010713125554851,81,2632,2.8165142998476296,Good,High,High
2022-05-30,Monday,22,Happy,55,8.461049537749647,84,2261,1.7413946639841758,Average,Low,Medium
2022-05-31,Tuesday,22,Sad,93,4.9645593762898494,81,1840,2.067564277777634,Good,Low,Medium
2022-06-01,Wednesday,22,Happy,106,8.907802144714374,87,2441,1.2517586074642884,Good,Low,Medium
2022-06-02,Thursday,22,Neutral,62,8.992805067746453,88,1882,2.0003877807880315,Good,Moderate,Medium
2022-06-03,Friday,22,Neutral,47,7.044806402565017,72,2503,3.032622836510602,Good,High,Medium
2022-06-04,Saturday,22,Happy,60,4.038315230301001,77,1799,1.2163332787883054,Poor,Low,High
2022-06-05,Sunday,22,Neutral,80,5.722228799049477,61,1638,1.616204225434088,Average,Low,High
2022-06-06,Monday,23,Neutral,25,7.701561510254454,88,1858,2.1443231242399343,Good,Moderate,Medium
2022-06-07,Tuesday,23,Happy,35,9.88711706816454,80,2335,3.946148611047888,Average,High,High
2022-06-08,Wednesday,23,Happy,0,7.7908811621000105,74,2908,3.3545854688766408,Average,High,High
2022-06-09,Thursday,23,Neutral,7,5.558821486384959,86,2803,3.2004602394763118,Average,Moderate,Medium
2022-06-10,Friday,23,Neutral,112,7.804034218597668,90,1982,1.348572869576338,Good,Moderate,High
2022-06-11,Saturday,23,Neutral,98,7.239912278295133,74,2408,3.342987680844974,Poor,High,High
2022-06-12,Sunday,23,Sad,179,8.679072370906862,82,2634,3.3558064345480454,Good,Moderate,High
2022-06-13,Monday,24,Sad,46,4.64188383296175,83,2365,2.8033080868729847,Average,High,Medium
2022-06-14,Tuesday,24,Sad,126,8.566167415012167,72,1638,3.9710853459951156,Average,High,High
2022-06-15,Wednesday,24,Happy,55,7.247599472056661,81,2495,1.975761717773656,Poor,Low,Low
2022-06-16,Thursday,24,Sad,13,9.777952023153968,96,1934,3.823817344725555,Good,Low,Low
2022-06-17,Friday,24,Happy,27,6.051232996232116,92,2008,3.744193344869511,Average,High,Medium
2022-06-18,Saturday,24,Happy,77,7.795731358803689,62,1772,1.0344419792481334,Poor,High,Low
2022-06-19,Sunday,24,Sad,129,9.592168633060105,78,2622,2.3503495794244333,Average,High,Medium
2022-06-20,Monday,25,Sad,108,4.6150583679440755,82,1603,3.93131269915472,Poor,High,Low
2022-06-21,Tuesday,25,Sad,153,9.623370923418706,88,2737,1.3093640872242274,Poor,High,Low
2022-06-22,Wednesday,25,Neutral,13,8.127314333804879,89,2261,2.6433540831499585,Good,High,Low
2022-06-23,Thursday,25,Sad,55,4.407022354631032,98,2286,3.936872521123312,Average,Moderate,Medium
2022-06-24,Friday,25,Neutral,114,5.805781401680898,84,1664,2.6664862723175804,Good,High,Medium
2022-06-25,Saturday,25,Happy,6,8.24903253187169,96,2498,1.5694459089164678,Average,Moderate,High
2022-06-26,Sunday,25,Neutral,2,4.40410360881263,67,2019,2.746549690277769,Good,Moderate,Medium
2022-06-27,Monday,26,Sad,110,7.49302276105764,75,2807,1.6133217218486404,Average,High,Low
2022-06-28,Tuesday,26,Happy,150,6.07529834171774,67,2016,2.5591127886834526,Good,High,Low
2022-06-29,Wednesday,26,Happy,106,7.725493106604863,60,2156,1.2221266537370439,Poor,Moderate,Medium
2022-06-30,Thursday,26,Happy,17,4.274452202875077,64,2112,2.816448007643214,Average,Moderate,Medium
2022-07-01,Friday,26,Neutral,37,9.229220836914259,62,1663,2.5503698173844747,Average,High,Medium
2022-07-02,Saturday,26,Sad,114,9.840933815064382,60,1563,3.220484106284389,Poor,High,High
2022-07-03,Sunday,26,Happy,14,9.813267131714149,63,2614,2.892101413476355,Good,Moderate,Low
2022-07-04,Monday,27,Happy,118,8.497910990457548,99,2640,2.64881880559227,Average,Moderate,High
2022-07-05,Tuesday,27,Happy,27,4.780517440783791,94,1766,3.0693365477443635,Average,Moderate,High
2022-07-06,Wednesday,27,Neutral,38,8.549579175574134,91,2663,1.4318257407166926,Good,Low,Low
2022-07-07,Thursday,27,Neutral,16,4.147521498752809,93,1745,2.786078983775812,Poor,Moderate,Low
2022-07-08,Friday,27,Sad,85,4.1327413091739835,84,1894,1.516331808468333,Good,Low,Medium
2022-07-09,Saturday,27,Neutral,125,5.941661314897248,69,1975,3.7765666235556425,Good,High,Medium
2022-07-10,Sunday,27,Happy,43,6.931859142427994,80,2476,1.2050023145368125,Good,High,High
2022-07-11,Monday,28,Sad,24,8.622444506846758,98,2707,2.2911242490723795,Average,Moderate,Medium
2022-07-12,Tuesday,28,Happy,144,8.099772259639032,86,2543,3.0873924329663347,Poor,High,Medium
2022-07-13,Wednesday,28,Happy,12,6.67541623826049,86,2057,2.3740666350047763,Poor,High,Low
2022-07-14,Thursday,28,Neutral,24,5.641759997689995,61,2517,1.2762857596987072,Good,High,Low
2022-07-15,Friday,28,Sad,67,9.982747000946267,72,2382,2.660137048380122,Average,High,Medium
2022-07-16,Saturday,28,Neutral,137,6.557087813415838,68,1646,2.9248957264820636,Good,Low,Low
2022-07-17,Sunday,28,Neutral,66,6.708322145978053,95,2165,3.111376932971523,Average,Low,Medium
2022-07-18,Monday,29,Sad,108,4.981742927150015,81,2827,2.1197794433882766,Average,Moderate,Low
2022-07-19,Tuesday,29,Happy,145,8.768857292499575,85,2119,2.6909799130862866,Average,Moderate,Low
2022-07-20,Wednesday,29,Happy,110,8.162093354688931,71,2319,2.3520594248167392,Average,Moderate,Low
2022-07-21,Thursday,29,Sad,110,5.324617676732562,76,2363,3.01616811625676,Poor,High,Low
2022-07-22,Friday,29,Happy,33,4.494286273695057,73,2081,2.7506709019744555,Average,High,Medium
2022-07-23,Saturday,29,Sad,110,8.082995812448278,73,2522,2.5772686586774047,Average,Low,High
2022-07-24,Sunday,29,Sad,7,7.927067285686811,93,2194,1.7485731005147458,Good,Low,Low
2022-07-25,Monday,30,Neutral,167,5.639557161989256,79,2751,1.0060555532447018,Good,Moderate,Medium
2022-07-26,Tuesday,30,Sad,112,9.705181373502462,70,2625,1.522245025934288,Poor,Low,Medium
2022-07-27,Wednesday,30,Neutral,82,4.906347350685401,75,2940,1.351198124272506,Good,Low,Low
2022-07-28,Thursday,30,Happy,41,6.594008806255611,90,2739,2.3472542350328403,Average,Low,High
2022-07-29,Friday,30,Happy,168,9.661695521005594,65,1906,2.836774452285534,Good,Low,Low
2022-07-30,Saturday,30,Happy,100,6.518363901556734,78,1898,1.6392550260544245,Poor,Low,Medium
2022-07-31,Sunday,30,Happy,5,7.8311556859845135,96,2214,3.8171712879015613,Good,Moderate,High
2022-08-01,Monday,31,Neutral,179,6.385566387776766,63,2203,1.0200463876716634,Good,Moderate,Medium
2022-08-02,Tuesday,31,Happy,25,5.64529121409202,63,2260,3.3169030454960287,Poor,Low,Low
2022-08-03,Wednesday,31,Sad,63,9.903865887758968,79,1998,2.875614308591327,Poor,Moderate,High
2022-08-04,Thursday,31,Sad,58,6.456004037890258,69,2988,2.1206644031430457,Average,High,Medium
2022-08-05,Friday,31,Sad,108,9.364595222074806,83,2473,1.1514668332372238,Good,Low,Medium
2022-08-06,Saturday,31,Neutral,120,5.3797276353465175,94,1581,2.882459715352838,Average,High,Medium
2022-08-07,Sunday,31,Happy,32,5.2786282241505,85,2103,2.1568405385969442,Good,Moderate,Low
2022-08-08,Monday,32,Happy,149,4.186804497307068,96,2271,3.8088014182396575,Good,Moderate,High
2022-08-09,Tuesday,32,Happy,20,7.91000095225531,97,2402,2.625970224669298,Average,High,Low
2022-08-10,Wednesday,32,Neutral,69,6.211158062342567,80,1864,3.8189545338805244,Good,Moderate,Low
2022-08-11,Thursday,32,Sad,111,9.186149499037821,99,1662,1.6614510804199123,Good,Low,Low
2022-08-12,Friday,32,Sad,3,6.839259440149343,98,2571,3.1771777310923097,Good,High,High
2022-08-13,Saturday,32,Happy,93,9.80916056748833,80,2010,2.851747062546177,Poor,Low,Low
2022-08-14,Sunday,32,Sad,74,5.113153094218727,69,2852,3.2182246894939355,Average,High,Low
2022-08-15,Monday,33,Sad,61,9.211739007733666,97,1615,1.6440035919176104,Poor,Moderate,Low
2022-08-16,Tuesday,33,Neutral,93,8.65958111675045,63,2440,2.9949835487133214,Average,High,Low
2022-08-17,Wednesday,33,Neutral,94,8.625531067864312,79,1836,2.494121179170607,Average,High,Medium
2022-08-18,Thursday,33,Neutral,151,9.068699368701326,76,2380,3.228474924718949,Good,Low,Low
2022-08-19,Friday,33,Neutral,54,8.566143945657993,66,2236,1.9811339324554533,Average,Moderate,Medium
2022-08-20,Saturday,33,Happy,136,7.7573219297884926,63,2339,3.6701710763957576,Poor,Low,Low
2022-08-21,Sunday,33,Neutral,130,4.787469266094325,88,1646,1.2529039438340512,Poor,Moderate,High
2022-08-22,Monday,34,Sad,30,4.1951570769475115,73,2846,3.421567956373564,Poor,Low,Medium
2022-08-23,Tuesday,34,Happy,39,9.525087086894121,62,1942,3.5839588774452724,Average,High,Medium
2022-08-24,Wednesday,34,Sad,35,7.699901887124428,83,2336,3.4517569341004637,Poor,Low,Medium
2022-08-25,Thursday,34,Sad,151,8.779223745857058,96,2536,2.538179182785328,Average,Moderate,Medium
2022-08-26,Friday,34,Sad,5,6.8891341090753,75,2442,2.3151549400922837,Poor,Moderate,High
2022-08-27,Saturday,34,Neutral,65,4.703849133774367,63,1786,3.9887868595746303,Poor,High,Low
2022-08-28,Sunday,34,Neutral,74,4.751114753215303,83,2219,1.6875158536424864,Average,Moderate,Medium
2022-08-29,Monday,35,Happy,3,8.113391723373828,93,2637,2.640627897628134,Poor,Low,High
2022-08-30,Tuesday,35,Happy,78,6.581835369396776,89,1979,3.012026576146977,Good,High,Medium
2022-08-31,Wednesday,35,Neutral,133,5.20314836020202,77,1521,3.102602907584296,Average,Moderate,Low
2022-09-01,Thursday,35,Sad,117,6.949567280448621,78,2872,1.612073997215736,Average,Moderate,Medium
2022-09-02,Friday,35,Happy,112,4.385253622450804,90,2182,2.9619822770194038,Average,Low,High
2022-09-03,Saturday,35,Neutral,93,7.4918284114863924,78,2405,3.455108699444012,Good,Low,Low
2022-09-04,Sunday,35,Neutral,178,5.613960426610586,78,1819,1.1500557304633365,Average,High,High
2022-09-05,Monday,36,Neutral,61,8.78535460382313,81,1625,3.7345638799759495,Poor,Moderate,Low
2022-09-06,Tuesday,36,Sad,78,5.862171753541443,83,1776,1.0885121654356178,Poor,Low,Low
2022-09-07,Wednesday,36,Neutral,135,6.731320894490807,71,2727,2.067913097465183,Poor,High,Low
2022-09-08,Thursday,36,Neutral,25,4.069723239448604,89,1693,1.0474395886988863,Average,Moderate,Medium
2022-09-09,Friday,36,Neutral,178,4.434681326767353,97,2195,1.2314355056187456,Poor,Moderate,High
2022-09-10,Saturday,36,Neutral,172,6.354961338440109,90,2809,3.7335048555402373,Average,High,High
2022-09-11,Sunday,36,Happy,43,6.879633008302741,95,1556,2.0645824922384435,Poor,High,High
2022-09-12,Monday,37,Happy,132,7.600123288715823,78,2826,2.2743145912751586,Good,Low,Low
2022-09-13,Tuesday,37,Neutral,69,5.749975472255819,95,2686,1.646033144147658,Good,Moderate,Medium
2022-09-14,Wednesday,37,Sad,153,8.169891316759255,89,1518,2.7912873105601594,Good,Moderate,Low
2022-09-15,Thursday,37,Happy,117,9.160734383135228,92,2893,2.784409644033369,Good,Moderate,High
2022-09-16,Friday,37,Neutral,67,8.679105933360098,77,1763,2.1166011754756577,Average,High,Medium
2022-09-17,Saturday,37,Happy,18,4.237712952090143,87,2293,1.999104615416195,Poor,Low,Medium
2022-09-18,Sunday,37,Happy,19,6.883041683546974,70,1612,3.6548929245417634,Good,Moderate,Medium
2022-09-19,Monday,38,Sad,112,4.629581070509049,92,2850,2.149852718926604,Average,High,High
2022-09-20,Tuesday,38,Neutral,139,5.452270095175165,76,2041,2.4805029764632245,Good,Moderate,Medium
2022-09-21,Wednesday,38,Neutral,46,9.919975559602879,65,2146,1.849914287274792,Good,Low,Medium
2022-09-22,Thursday,38,Sad,0,4.854973257409079,63,2078,3.3603085100713823,Average,Moderate,Low
2022-09-23,Friday,38,Sad,89,6.993328920708136,79,2588,2.192344470697275,Average,Low,Low
2022-09-24,Saturday,38,Neutral,141,7.708934405908715,86,2815,2.5408331396329737,Poor,Low,Medium
2022-09-25,Sunday,38,Neutral,63,8.214789823264624,74,1524,1.7600715101789843,Poor,Moderate,Medium
2022-09-26,Monday,39,Sad,37,7.357892100921484,65,1500,3.9629787770237552,Good,Moderate,Low
2022-09-27,Tuesday,39,Happy,36,4.058625084515102,73,2410,1.8744872227711686,Good,Low,Low
2022-09-28,Wednesday,39,Happy,125,5.9587678494639515,70,1640,3.312227592716655,Poor,High,Low
2022-09-29,Thursday,39,Sad,138,7.106269860308268,98,2147,2.2824869510702777,Poor,Low,High
2022-09-30,Friday,39,Happy,99,4.527198994869,68,1687,1.6186522152524196,Average,Moderate,High
2022-10-01,Saturday,39,Sad,76,6.103761587255084,85,2651,3.3991562918945837,Poor,Moderate,Low
2022-10-02,Sunday,39,Happy,2,4.1992186527482,75,1700,2.0008203670871296,Poor,High,Medium
2022-10-03,Monday,40,Happy,160,4.471470982930125,64,2650,3.595580042193433,Good,Low,Low
2022-10-04,Tuesday,40,Neutral,133,6.381539657209577,69,1756,3.7457715547534693,Poor,Low,High
2022-10-05,Wednesday,40,Neutral,177,4.796294524258363,62,2046,3.579471506173828,Good,Low,Medium
2022-10-06,Thursday,40,Happy,9,7.405245089569349,72,1693,1.105023744420417,Poor,Moderate,High
2022-10-07,Friday,40,Happy,4,8.136789814823594,89,2202,3.362120035015317,Average,Low,Medium
2022-10-08,Saturday,40,Neutral,150,8.803520194654498,65,2627,2.2340183994974314,Poor,High,High
2022-10-09,Sunday,40,Neutral,137,5.200901465468861,76,2788,3.6211687605466754,Poor,Moderate,Medium
2022-10-10,Monday,41,Neutral,171,5.004895493554418,78,2301,2.9138627880542165,Poor,Moderate,Medium
2022-10-11,Tuesday,41,Sad,129,4.627407042006402,94,2441,3.500929402431875,Good,Low,Medium
2022-10-12,Wednesday,41,Happy,12,7.81858149726182,85,2907,2.498295309600506,Average,High,Medium
2022-10-13,Thursday,41,Neutral,167,8.238854358921408,64,2783,2.6050765137967984,Poor,Moderate,High
2022-10-14,Friday,41,Happy,129,4.189516868953852,88,1913,1.4331628964010017,Good,Moderate,High
2022-10-15,Saturday,41,Sad,83,9.617273477462138,96,2881,3.3519620760680664,Average,Low,Medium
2022-10-16,Sunday,41,Sad,64,4.311827701908834,79,2598,2.258168835000915,Good,Low,Medium
2022-10-17,Monday,42,Neutral,62,7.247778011806423,80,2878,2.500240354814748,Good,High,High
2022-10-18,Tuesday,42,Sad,100,8.254363116705498,69,2409,3.355293142287123,Average,Low,Medium
2022-10-19,Wednesday,42,Happy,72,9.225814742476514,64,1687,2.796536200238317,Poor,High,Medium
2022-10-20,Thursday,42,Neutral,16,8.284521592794567,95,2813,1.6032961823280023,Good,Moderate,Medium
2022-10-21,Friday,42,Happy,8,8.81036849841875,65,1544,2.770697977452678,Good,High,Low
2022-10-22,Saturday,42,Happy,142,6.036701155256837,85,1582,2.2228985739389673,Poor,High,Medium
2022-10-23,Sunday,42,Sad,151,8.888950682479074,63,2646,2.408576626131588,Poor,High,Low
2022-10-24,Monday,43,Sad,37,4.480689078308051,98,1857,1.0849338232080035,Average,Moderate,Medium
2022-10-25,Tuesday,43,Sad,162,9.368899936363166,98,2589,1.6300880485488447,Average,Low,High
2022-10-26,Wednesday,43,Sad,93,7.285554256922417,94,2435,1.8431142441430848,Average,Moderate,Low
2022-10-27,Thursday,43,Sad,94,8.903786619774962,60,1874,3.138880023576417,Poor,Low,Low
2022-10-28,Friday,43,Neutral,48,6.713909707109801,83,1661,1.0344774198943458,Good,High,Medium
2022-10-29,Saturday,43,Happy,68,7.86146617117915,95,2903,2.226331783687396,Good,High,Medium
2022-10-30,Sunday,43,Happy,61,7.15841596561668,65,2881,3.7720806112771985,Average,High,Low
2022-10-31,Monday,44,Happy,177,8.389537130531991,90,2711,1.3356418496473714,Poor,High,High
2022-11-01,Tuesday,44,Happy,77,4.489779892183537,79,1821,2.5492731646558333,Good,High,High
2022-11-02,Wednesday,44,Sad,116,4.362112503943383,83,1949,3.359567147172541,Average,Low,Medium
2022-11-03,Thursday,44,Happy,119,5.482619404060879,84,2997,3.82759392256035,Good,Low,High
2022-11-04,Friday,44,Neutral,136,4.95726808067913,95,2536,3.240329918601154,Good,High,High
2022-11-05,Saturday,44,Neutral,161,9.23070139955321,80,1683,3.1616966459332185,Poor,Moderate,Medium
2022-11-06,Sunday,44,Happy,75,5.315283924148266,89,1610,3.4794642705872874,Poor,Moderate,High
2022-11-07,Monday,45,Happy,34,9.855191534914788,83,2007,2.338603662932631,Good,High,Medium
2022-11-08,Tuesday,45,Neutral,0,6.0213747506266415,89,2813,3.4175335978534993,Average,Low,Low
2022-11-09,Wednesday,45,Neutral,39,5.0927074941321955,81,1794,1.0238932142363533,Poor,Moderate,Medium
2022-11-10,Thursday,45,Sad,63,8.738191042854876,87,2974,3.7736831661304144,Good,Moderate,Low
2022-11-11,Friday,45,Neutral,149,7.952246653005257,66,2403,2.329919528551526,Poor,Moderate,Low
2022-11-12,Saturday,45,Sad,59,6.989174298718834,94,2738,2.660140563597243,Poor,High,High
2022-11-13,Sunday,45,Sad,63,7.332181305625787,87,2473,1.764646746744647,Poor,Moderate,High
2022-11-14,Monday,46,Sad,92,8.315210669633583,73,2131,3.2275924985212643,Good,Moderate,High
2022-11-15,Tuesday,46,Sad,71,5.370728447987792,69,2550,1.2299074194257464,Average,Moderate,Medium
2022-11-16,Wednesday,46,Sad,10,9.978003496340452,75,2232,3.617907407640506,Average,Moderate,High
2022-11-17,Thursday,46,Happy,104,9.848758972880699,75,2754,3.4843504870190283,Average,Low,Low
2022-11-18,Friday,46,Neutral,13,7.901954118081621,90,1820,1.6481803487342992,Poor,High,High
2022-11-19,Saturday,46,Sad,59,5.197254705574871,84,2412,3.427973194855787,Good,High,High
2022-11-20,Sunday,46,Neutral,29,8.081369454587747,72,2756,3.3590731991844445,Poor,Low,Medium
2022-11-21,Monday,47,Neutral,34,4.433190453875055,65,1936,2.896649793261847,Average,Low,Medium
2022-11-22,Tuesday,47,Sad,164,4.183915013234836,68,2280,2.1205605306990627,Average,High,Low
2022-11-23,Wednesday,47,Happy,4,5.546097331067282,95,2926,1.8144962625456036,Good,Moderate,Medium
2022-11-24,Thursday,47,Sad,82,6.775737740435898,79,2576,1.6953507708680502,Poor,Moderate,High
2022-11-25,Friday,47,Happy,122,9.209635032450283,77,2836,1.9558268882908214,Average,High,Medium
2022-11-26,Saturday,47,Neutral,77,8.363014418597848,80,2804,3.7106753302975912,Good,Moderate,Low
2022-11-27,Sunday,47,Happy,153,8.456239127199886,63,2225,1.2329223279663437,Poor,Low,High
2022-11-28,Monday,48,Happy,61,6.552960006688452,92,1530,3.486613828758876,Poor,Moderate,Low
2022-11-29,Tuesday,48,Happy,131,6.075609955281777,86,1836,2.046670225125471,Average,Moderate,Medium
2022-11-30,Wednesday,48,Neutral,88,6.226232577907616,66,1682,2.5647981880340747,Average,Moderate,Medium
2022-12-01,Thursday,48,Neutral,41,9.925897382416347,65,2546,3.383456900945472,Poor,High,Low
2022-12-02,Friday,48,Happy,88,4.240655148474895,74,2043,3.653129641068914,Poor,Low,High
2022-12-03,Saturday,48,Happy,145,9.202188976734691,77,2969,2.034344260217941,Average,Moderate,Medium
2022-12-04,Sunday,48,Sad,39,7.472052451434361,91,2597,2.385530443825331,Poor,High,Medium
2022-12-05,Monday,49,Happy,71,6.6316925151375425,70,2533,2.243548194450377,Average,Moderate,High
2022-12-06,Tuesday,49,Sad,38,8.35154596249082,79,2979,1.0397531005117315,Poor,Low,Medium
2022-12-07,Wednesday,49,Happy,103,6.920013648548217,83,2159,1.8878286665759698,Average,Moderate,Low
2022-12-08,Thursday,49,Sad,13,9.240539428489964,74,1659,2.3775677011976857,Good,Low,Medium
2022-12-09,Friday,49,Neutral,31,9.40421118406755,66,2537,2.2332808266413195,Average,Moderate,Medium
2022-12-10,Saturday,49,Happy,178,6.5303255612407325,80,2701,3.1657876825470384,Average,Low,High
2022-12-11,Sunday,49,Happy,124,5.660966783410309,85,1911,2.1544108516633096,Good,Moderate,Low
2022-12-12,Monday,50,Happy,165,7.554101971560174,73,2511,2.4681293469120105,Poor,Low,High
2022-12-13,Tuesday,50,Happy,96,9.474180073700147,96,1552,2.28882577639709,Good,Moderate,Medium
2022-12-14,Wednesday,50,Sad,22,5.263973134034,80,1907,3.2218784466831116,Average,Moderate,Medium
2022-12-15,Thursday,50,Happy,62,7.737799501380897,77,2346,3.5889171969608875,Poor,High,High
2022-12-16,Friday,50,Neutral,142,7.789361320555123,64,2545,2.5956672370225427,Good,High,High
2022-12-17,Saturday,50,Neutral,152,8.398678134491686,62,2553,3.3682965825855735,Poor,Low,High
2022-12-18,Sunday,50,Happy,144,4.789406110763559,82,2202,1.8903600460595518,Poor,Moderate,Low
2022-12-19,Monday,51,Neutral,52,8.29494978809253,85,1759,2.624108830471806,Good,Low,Medium
2022-12-20,Tuesday,51,Happy,103,9.454195123993845,96,2728,2.0356898610099172,Poor,High,High
2022-12-21,Wednesday,51,Happy,103,5.078098653221452,83,2582,2.242602776715491,Good,Low,Medium
2022-12-22,Thursday,51,Neutral,178,5.425259949543266,78,2994,3.1972415944380055,Average,Low,Low
2022-12-23,Friday,51,Happy,38,9.828370564249838,84,2275,3.644987446998138,Poor,High,Low
2022-12-24,Saturday,51,Neutral,178,5.085861716256939,80,2989,1.3644861732632962,Average,Moderate,Low
2022-12-25,Sunday,51,Sad,133,9.126310560217474,71,2535,2.9039177694621414,Average,Low,Low
2022-12-26,Monday,52,Happy,66,6.953667138688209,92,2813,2.7464314227333952,Poor,High,Medium
2022-12-27,Tuesday,52,Sad,134,5.483386446419062,63,2349,1.3552451175277955,Good,Moderate,Low
2022-12-28,Wednesday,52,Neutral,178,9.224499407635069,66,1853,1.6356829913203272,Poor,High,Low
2022-12-29,Thursday,52,Sad,41,6.671831530015993,81,2598,1.9330074841980407,Average,Low,High
2022-12-30,Friday,52,Sad,14,7.088904123578141,92,2372,1.5007932124525043,Average,Moderate,Low
2022-12-31,Saturday,52,Neutral,110,6.155400216398594,76,2964,1.7311884475730253,Good,Moderate,High
2023-01-01,Sunday,52,Sad,156,7.557705108609564,83,2490,1.8028023965851225,Poor,High,Low
2023-01-02,Monday,1,Sad,32,4.981143235510137,93,2764,2.0070214991171786,Average,High,Low
2023-01-03,Tuesday,1,Neutral,154,6.3464892199105645,87,2517,3.248171358403477,Average,High,High
2023-01-04,Wednesday,1,Sad,163,9.816473934011725,98,2677,2.7157366115518022,Average,Moderate,Low
2023-01-05,Thursday,1,Neutral,156,5.548800596206766,81,2619,3.9587400158542043,Good,Moderate,Medium
2023-01-06,Friday,1,Sad,37,7.940419987247753,76,1793,2.2442074809024133,Average,Low,Medium
2023-01-07,Saturday,1,Neutral,96,5.951140385348169,93,1708,3.261595221510775,Average,Moderate,Low
2023-01-08,Sunday,1,Neutral,154,8.640838754119603,65,2866,3.6144052641296014,Poor,Low,Medium
2023-01-09,Monday,2,Sad,32,4.785241964310099,65,2611,3.036935479114126,Poor,High,High
2023-01-10,Tuesday,2,Sad,85,9.818926270471268,93,2317,2.235594221252488,Average,High,Low
2023-01-11,Wednesday,2,Sad,65,6.7227372483018355,60,1889,3.2607838922372587,Average,Moderate,Low
2023-01-12,Thursday,2,Happy,9,5.416302780078784,69,1824,1.6110014133180546,Poor,High,High
2023-01-13,Friday,2,Happy,4,4.440980483980076,80,2439,1.9826564955403971,Good,High,High
2023-01-14,Saturday,2,Happy,122,5.018547430525245,64,2388,2.6400557652978662,Good,Moderate,High
2023-01-15,Sunday,2,Neutral,73,7.118643691336106,61,2680,2.7262281618584447,Good,Low,Low
2023-01-16,Monday,3,Sad,96,6.022019058587718,81,2167,1.0664244264178884,Good,Moderate,High
2023-01-17,Tuesday,3,Neutral,117,8.973300195295657,61,2132,3.835342566268026,Good,Low,High
2023-01-18,Wednesday,3,Happy,37,6.585325141970836,69,2076,3.0898818136521697,Good,Moderate,Medium
2023-01-19,Thursday,3,Sad,140,5.492285635525779,93,1636,2.487111250695673,Good,Moderate,Medium
2023-01-20,Friday,3,Neutral,158,7.70286991962418,75,1927,3.799381703224925,Good,High,Low
2023-01-21,Saturday,3,Sad,46,8.240663301312676,98,2975,2.3172866957524856,Poor,Moderate,Medium
2023-01-22,Sunday,3,Neutral,108,5.002251447405699,81,2111,3.9413067108111153,Good,Moderate,Medium
2023-01-23,Monday,4,Sad,179,5.005715297729906,71,2410,2.5368542717304554,Good,Low,High
2023-01-24,Tuesday,4,Happy,14,4.220028561601258,83,2318,1.3428573099939385,Good,High,High
2023-01-25,Wednesday,4,Happy,156,8.418412090393844,99,1640,3.2944029173778318,Average,Low,Medium
2023-01-26,Thursday,4,Sad,135,7.98282716573083,97,2606,3.0366931752335216,Poor,Low,Medium
2023-01-27,Friday,4,Neutral,4,6.847785254498883,69,1676,3.3189601639167603,Poor,High,Medium
2023-01-28,Saturday,4,Happy,156,9.065022693815184,94,1697,3.854326086177043,Poor,High,Low
2023-01-29,Sunday,4,Happy,46,8.834020917700318,91,2123,3.3294679079530543,Good,High,Low
2023-01-30,Monday,5,Happy,67,7.512126186380513,66,2190,2.8340098066499406,Good,Moderate,Low
2023-01-31,Tuesday,5,Sad,75,9.209627683079551,80,2944,3.5719267070825227,Average,High,Medium
2023-02-01,Wednesday,5,Sad,172,5.235047260220609,79,1900,3.0197393180635945,Poor,High,Medium
2023-02-02,Thursday,5,Neutral,129,4.671517716386367,85,1970,2.224357170477769,Good,High,Low
2023-02-03,Friday,5,Neutral,154,5.618497669101938,63,1717,3.65685929272532,Poor,Low,Low
2023-02-04,Saturday,5,Neutral,94,4.342521136535889,81,2428,1.6657013823531186,Average,Low,Medium
2023-02-05,Sunday,5,Sad,114,7.187017168006192,74,2131,3.1439238247261727,Average,Moderate,High
2023-02-06,Monday,6,Sad,163,9.61963415376977,99,2450,3.644690364822271,Average,Low,Low
2023-02-07,Tuesday,6,Neutral,35,4.236061244011058,80,2405,3.193949559109889,Poor,Moderate,Medium
2023-02-08,Wednesday,6,Neutral,25,4.732659484060161,74,1674,3.091826257161571,Good,Low,Medium
2023-02-09,Thursday,6,Sad,42,6.7131941697006114,81,1522,3.257914882215508,Good,High,High
2023-02-10,Friday,6,Neutral,26,9.60325010516743,87,1734,2.395165744901933,Average,Low,Medium
2023-02-11,Saturday,6,Happy,68,5.8969366298605035,73,2536,3.622512046471078,Good,Moderate,Medium
2023-02-12,Sunday,6,Sad,147,7.043408852130355,86,2624,1.6103094254082735,Average,Low,Low
2023-02-13,Monday,7,Neutral,10,4.249437154302353,99,2428,1.3821592480010179,Poor,High,Low
2023-02-14,Tuesday,7,Sad,73,4.890059205772533,87,2022,1.8565263403555345,Average,Moderate,High
2023-02-15,Wednesday,7,Happy,103,9.919780737753081,85,2975,2.5947321903249794,Poor,High,High
2023-02-16,Thursday,7,Sad,37,9.790712178616273,61,1930,2.5316853862280144,Average,High,Medium
2023-02-17,Friday,7,Sad,133,4.029639885606458,84,2292,3.46179627302976,Good,Moderate,Low
2023-02-18,Saturday,7,Sad,22,9.710870712539434,62,2032,2.213705969212052,Good,High,High
2023-02-19,Sunday,7,Sad,46,7.834719626893002,67,2478,2.4530332788745257,Average,High,High
2023-02-20,Monday,8,Happy,89,9.207509767120133,92,2816,1.040103049778187,Good,Low,High
2023-02-21,Tuesday,8,Sad,45,6.728439133803155,94,2309,2.2292177093288172,Good,High,Medium
2023-02-22,Wednesday,8,Sad,106,7.093576171475501,65,2412,2.943322698851026,Good,High,Low
2023-02-23,Thursday,8,Neutral,139,6.933079481541521,98,2624,1.0465249918797765,Poor,High,High
2023-02-24,Friday,8,Sad,140,8.001185545276627,82,2827,1.8426458955587313,Good,High,Low
2023-02-25,Saturday,8,Neutral,103,4.837907528537878,84,2370,1.6238690778681697,Poor,Moderate,High
2023-02-26,Sunday,8,Happy,110,4.179841539236068,78,2039,1.1259562867287647,Average,Low,High
2023-02-27,Monday,9,Happy,103,5.8475796495471455,64,2523,2.4377802697436124,Good,High,Low
2023-02-28,Tuesday,9,Happy,59,8.22808457641988,70,2878,1.5451698796844695,Good,High,Low
2023-03-01,Wednesday,9,Happy,170,5.21112071273769,71,2826,3.2292446188941404,Good,Moderate,Low
2023-03-02,Thursday,9,Neutral,99,8.040594599949504,69,1726,3.5437836512900454,Average,High,Medium
2023-03-03,Friday,9,Sad,67,9.819472276643623,67,2759,2.6367555480074434,Poor,Moderate,High
2023-03-04,Saturday,9,Happy,132,4.56340429473651,83,2372,3.945122027563425,Poor,Low,Medium
2023-03-05,Sunday,9,Sad,119,8.035612709350758,87,2391,2.351435714411786,Good,Low,Low
2023-03-06,Monday,10,Neutral,36,6.662501315827427,95,2978,2.5401046306747466,Average,High,High
2023-03-07,Tuesday,10,Neutral,71,9.208853526265031,96,2536,3.9676532618732505,Average,High,Medium
2023-03-08,Wednesday,10,Neutral,126,5.062898736684316,80,1709,1.6946453078951464,Average,High,High
2023-03-09,Thursday,10,Happy,105,8.155755713356987,67,2240,3.827637819030716,Average,Moderate,Medium
2023-03-10,Friday,10,Sad,91,9.02869173788866,68,1896,1.1285126653573396,Average,High,Low
2023-03-11,Saturday,10,Sad,30,9.667685316844139,74,2623,2.3391606707895845,Poor,High,Medium
2023-03-12,Sunday,10,Sad,121,8.099488169737874,99,1530,1.2100105363991973,Poor,Low,High
2023-03-13,Monday,11,Neutral,136,6.983048584050564,77,2397,3.187704228740929,Poor,High,High
2023-03-14,Tuesday,11,Happy,50,7.707083441207283,79,2148,2.8252268076400533,Good,Low,High
2023-03-15,Wednesday,11,Neutral,28,9.21342990687231,65,1828,3.119902790402789,Average,High,High
2023-03-16,Thursday,11,Neutral,39,7.423658479832978,71,2689,2.123441199904051,Good,Low,Low
2023-03-17,Friday,11,Sad,40,4.182322358181021,61,2982,2.108445802094141,Average,High,Medium
2023-03-18,Saturday,11,Neutral,10,9.585692173041867,66,2451,1.135957836882684,Poor,Low,Low
2023-03-19,Sunday,11,Sad,150,8.137160506189367,75,2623,2.0498348185889195,Good,Moderate,Low
2023-03-20,Monday,12,Happy,0,8.059080314663479,62,2120,3.7878652067861784,Poor,Low,Low
2023-03-21,Tuesday,12,Sad,45,5.294050914386303,62,2696,2.137679611541347,Average,Low,High
2023-03-22,Wednesday,12,Happy,100,7.953312821395944,86,1661,3.49410311866591,Average,Low,High
2023-03-23,Thursday,12,Sad,148,6.363186433924951,99,2275,3.526976514249802,Average,High,High
2023-03-24,Friday,12,Neutral,89,7.907397862248953,97,2786,2.1197234691377016,Poor,High,Medium
2023-03-25,Saturday,12,Neutral,109,4.639558181847944,92,1773,2.8959660411885673,Average,High,High
2023-03-26,Sunday,12,Happy,163,7.947071827618216,87,2526,1.286114806819176,Poor,Moderate,Medium
2023-03-27,Monday,13,Happy,56,9.996482354624,60,2551,1.3110357422028294,Good,Moderate,High
2023-03-28,Tuesday,13,Happy,0,4.289272233163336,67,1825,1.14597299098514,Average,Low,High
2023-03-29,Wednesday,13,Sad,62,9.863045105327904,96,2439,2.7430452801253287,Average,Moderate,Low
2023-03-30,Thursday,13,Sad,54,6.441447764337224,91,2672,2.278212932878291,Average,Low,Low
2023-03-31,Friday,13,Happy,114,9.224520702023554,96,2039,2.6440970699927204,Good,Low,Low
2023-04-01,Saturday,13,Neutral,167,8.69431290434964,63,1987,2.5632195715251633,Average,Low,Medium
2023-04-02,Sunday,13,Sad,142,7.402097565920007,89,2321,2.050608973272191,Poor,Moderate,Medium
2023-04-03,Monday,14,Sad,148,8.43069525550796,65,2961,3.0324202444704187,Poor,High,High
2023-04-04,Tuesday,14,Sad,174,9.271093367808088,78,2588,3.275505642749172,Average,Moderate,Medium
2023-04-05,Wednesday,14,Happy,52,6.424841929906198,91,1855,1.043884776633027,Average,Low,High
2023-04-06,Thursday,14,Happy,136,5.962198969379433,68,2775,1.621726899306635,Good,Low,Medium
2023-04-07,Friday,14,Happy,179,8.005560313381508,71,1734,3.1397076042500105,Good,Moderate,Medium
2023-04-08,Saturday,14,Happy,56,8.84707565164755,70,1726,2.1598605179015027,Good,Low,Medium
2023-04-09,Sunday,14,Happy,116,8.573710808659694,75,2836,2.9874518408248245,Average,Low,Low
2023-04-10,Monday,15,Neutral,153,8.786881893151808,60,1548,2.040887979203675,Good,Moderate,Medium
2023-04-11,Tuesday,15,Neutral,168,6.613499888877598,80,1617,2.172265456988911,Good,Moderate,Low
2023-04-12,Wednesday,15,Happy,34,8.90700529705013,89,1553,1.4760366210690548,Poor,Moderate,Low
2023-04-13,Thursday,15,Sad,62,4.72125433222365,72,2064,1.77469305899848,Good,Low,Medium
2023-04-14,Friday,15,Happy,24,7.266934587765097,93,2567,2.8162352725227615,Poor,Low,High
2023-04-15,Saturday,15,Neutral,89,4.034551962988729,63,1552,2.299489333945499,Poor,High,High
2023-04-16,Sunday,15,Neutral,74,5.947514979401622,87,2057,3.3229080488337854,Good,High,High
2023-04-17,Monday,16,Sad,37,6.198769209228387,97,2625,3.557754864815028,Poor,Moderate,Medium
2023-04-18,Tuesday,16,Neutral,129,6.377036149655533,90,2367,2.6249392546502794,Average,High,High
2023-04-19,Wednesday,16,Happy,134,8.172803240139173,86,1897,3.274801876168177,Average,Low,Low
2023-04-20,Thursday,16,Sad,161,6.331348607622075,64,2661,1.92071353958371,Good,High,High
2023-04-21,Friday,16,Happy,90,6.6921617357351835,84,2174,2.2449136462002346,Average,Low,Medium
2023-04-22,Saturday,16,Happy,16,5.425264785245965,62,1886,3.138333028650493,Poor,Moderate,High
2023-04-23,Sunday,16,Sad,127,6.2395107497760405,92,1610,2.158635978451092,Average,Moderate,Low
2023-04-24,Monday,17,Happy,170,5.363617763578909,63,2113,2.7655148054769665,Good,Low,Medium
2023-04-25,Tuesday,17,Neutral,107,4.439175542610662,84,1516,1.5561183372475345,Good,High,High
2023-04-26,Wednesday,17,Happy,178,7.620691560288267,79,2705,2.7993139449114937,Poor,Moderate,Medium
2023-04-27,Thursday,17,Sad,151,8.009276791330098,93,2383,3.584541121680681,Good,Moderate,Medium
2023-04-28,Friday,17,Sad,24,7.716942076057687,85,2040,3.6059189194702768,Average,High,Medium
2023-04-29,Saturday,17,Sad,179,6.780964262803434,64,1670,3.173033218988619,Good,High,High
2023-04-30,Sunday,17,Happy,87,6.278714681075379,94,1908,3.237260137228378,Poor,Low,Medium
2023-05-01,Monday,18,Sad,160,9.180001897430952,87,2239,2.673782335452102,Good,High,High
2023-05-02,Tuesday,18,Sad,176,7.114490710817308,88,2901,2.7540042704974743,Average,High,Low
2023-05-03,Wednesday,18,Happy,28,6.875091265778385,68,2711,1.400951744231554,Poor,High,High
2023-05-04,Thursday,18,Neutral,62,4.153852394838614,97,2357,2.3315775652639035,Average,Low,Low
2023-05-05,Friday,18,Happy,149,6.047486965756939,65,1729,2.3523288516590917,Poor,Low,High
2023-05-06,Saturday,18,Sad,153,6.281173712715143,78,1618,3.8754935070032204,Good,Moderate,Medium
2023-05-07,Sunday,18,Sad,155,6.392936685381403,70,2679,2.2932605878698684,Poor,Low,High
2023-05-08,Monday,19,Happy,113,7.4810342153639935,61,2283,2.648027934708273,Poor,Moderate,Medium
2023-05-09,Tuesday,19,Neutral,48,7.2016152803612705,68,1964,2.5997541978373073,Good,High,Low
2023-05-10,Wednesday,19,Sad,80,7.647430556760668,80,1603,2.9102851511329817,Average,Moderate,High
2023-05-11,Thursday,19,Sad,83,8.58929956925277,83,2197,3.2446984939956875,Good,Moderate,Medium
2023-05-12,Friday,19,Sad,104,8.87791443229656,93,1674,1.6751256285126164,Poor,High,Low
2023-05-13,Saturday,19,Happy,176,8.308738457358967,81,2244,2.5861732572953073,Good,Moderate,Low
2023-05-14,Sunday,19,Sad,147,9.733142175729608,62,2944,3.4777531219480915,Poor,Low,High
2023-05-15,Monday,20,Neutral,117,4.10939549605817,71,2657,2.3893441415125345,Good,Low,Low
2023-05-16,Tuesday,20,Sad,85,5.174667914101277,87,2914,1.835372639120719,Good,Low,Medium
2023-05-17,Wednesday,20,Sad,62,4.045377249868853,89,2164,2.9641272260688973,Average,Low,Low
2023-05-18,Thursday,20,Neutral,103,7.884848284927618,85,1532,3.471302187397369,Poor,Moderate,Low
2023-05-19,Friday,20,Sad,48,9.388183293699921,80,1554,1.1894208787821738,Average,Moderate,Medium
2023-05-20,Saturday,20,Happy,70,5.460893779457796,87,2018,3.3303714502216812,Poor,High,Low
2023-05-21,Sunday,20,Happy,0,9.56220726877784,85,2255,3.4649437988853133,Good,Moderate,Low
2023-05-22,Monday,21,Happy,140,4.361604341737365,92,1511,2.3845687827658204,Poor,Moderate,Low
2023-05-23,Tuesday,21,Neutral,178,9.606616160833086,80,2219,3.9499169704554022,Average,Moderate,Low
2023-05-24,Wednesday,21,Sad,122,6.1097361234378065,94,2054,3.3601250221219274,Average,High,Medium
2023-05-25,Thursday,21,Happy,61,4.608524970695299,93,1872,3.3209876946869974,Average,Low,Low
2023-05-26,Friday,21,Neutral,31,6.915230555117954,77,1983,3.2435157232362153,Poor,Moderate,Medium
2023-05-27,Saturday,21,Sad,157,5.540659406323048,70,2472,1.451824309654822,Average,High,Low
2023-05-28,Sunday,21,Neutral,28,5.709237411771537,82,2751,1.6516926593590324,Average,High,Low
2023-05-29,Monday,22,Happy,48,5.84373978955772,81,2122,2.391970394393275,Average,High,Low
2023-05-30,Tuesday,22,Happy,172,8.818155386995981,76,1806,1.7920130498783977,Good,Low,Low
2023-05-31,Wednesday,22,Happy,29,7.234967660051527,64,1956,2.245722917002121,Good,Moderate,Medium
2023-06-01,Thursday,22,Neutral,143,5.867846194936022,70,1659,3.6653923297687623,Poor,High,Medium
2023-06-02,Friday,22,Neutral,167,7.662002699865511,89,1830,3.4729806756378077,Poor,Low,Medium
2023-06-03,Saturday,22,Happy,18,8.296904045339161,74,2275,2.8901196354399468,Average,High,High
2023-06-04,Sunday,22,Neutral,17,5.635744004401203,86,1724,3.574361182753311,Good,High,Low
2023-06-05,Monday,23,Happy,0,6.481294609152109,94,2482,3.3513171670517474,Average,High,Low
2023-06-06,Tuesday,23,Happy,77,4.7313165600216855,92,2228,2.2869547955226714,Average,High,Medium
2023-06-07,Wednesday,23,Sad,114,5.086896097208082,79,2979,1.6031954561498354,Good,High,High
2023-06-08,Thursday,23,Neutral,174,8.086707123789896,75,2568,2.5426031200280175,Good,Low,Low
2023-06-09,Friday,23,Happy,112,5.088630086173762,93,2737,3.20868664758565,Good,Moderate,Medium
2023-06-10,Saturday,23,Happy,113,7.1509803020023615,61,2582,2.309258796188779,Poor,Moderate,Low
2023-06-11,Sunday,23,Neutral,165,8.254277570334596,94,2143,3.0003157293516916,Poor,Moderate,Low
2023-06-12,Monday,24,Sad,178,4.641261538568463,99,2115,1.2829822788731309,Average,Moderate,Medium
2023-06-13,Tuesday,24,Sad,62,7.403873317773421,87,1694,3.2440142091142103,Poor,Low,Medium
2023-06-14,Wednesday,24,Happy,131,5.539376702208182,98,1988,3.4381408596791863,Good,Low,Low
2023-06-15,Thursday,24,Neutral,128,9.777561251425478,65,1656,3.1205135673416233,Good,Low,Low
2023-06-16,Friday,24,Sad,7,6.901273880319549,68,2109,3.901790762579097,Poor,High,Medium
2023-06-17,Saturday,24,Neutral,156,8.835955298650948,79,2749,3.4799561723819212,Average,High,Low
2023-06-18,Sunday,24,Neutral,54,7.301359252937571,60,1911,3.709281183629615,Average,High,Low
2023-06-19,Monday,25,Happy,102,4.260475197128915,67,2728,3.800713250372944,Poor,Moderate,Medium
2023-06-20,Tuesday,25,Sad,130,7.798908253564134,82,2602,3.4040439756214256,Average,High,Low
2023-06-21,Wednesday,25,Happy,31,9.708420053239943,62,2647,3.022776526019497,Average,Moderate,Low
2023-06-22,Thursday,25,Sad,9,7.609670920877987,63,1970,1.017155744082368,Average,High,High
2023-06-23,Friday,25,Sad,109,8.915133156560742,84,2741,2.3974772596693743,Good,Moderate,Medium
2023-06-24,Saturday,25,Sad,161,9.305238780090447,97,2015,2.7134868958670832,Good,High,High
2023-06-25,Sunday,25,Sad,123,5.368478631693595,74,2627,1.9120908173439988,Poor,High,High
2023-06-26,Monday,26,Sad,86,5.27226903944936,80,1892,1.9543133407104163,Good,Low,High
2023-06-27,Tuesday,26,Neutral,54,7.66588593310595,94,2130,3.8834782471304954,Average,High,Low
2023-06-28,Wednesday,26,Happy,31,6.4661708188402285,73,2107,3.675132595608238,Good,High,Low
2023-06-29,Thursday,26,Neutral,177,9.039167817200322,95,2479,3.5475370165051126,Poor,Low,High
2023-06-30,Friday,26,Sad,134,9.400138740388067,71,1933,2.2180354051183317,Good,Moderate,High
2023-07-01,Saturday,26,Happy,92,6.120528275816309,76,2854,1.0410956512267435,Average,Low,High
2023-07-02,Sunday,26,Sad,7,5.421223353846893,98,2666,1.2406667393671422,Average,Low,Low
2023-07-03,Monday,27,Happy,64,8.683153091463172,68,2039,1.936589104652811,Poor,Moderate,High
2023-07-04,Tuesday,27,Neutral,56,5.648836213288817,94,1777,1.047228738987031,Good,High,High
2023-07-05,Wednesday,27,Happy,66,8.935685911082071,72,1732,1.0514493457455942,Good,Moderate,Medium
2023-07-06,Thursday,27,Happy,71,6.542429521892577,74,2613,3.749809904927233,Good,High,Medium
2023-07-07,Friday,27,Happy,53,8.005299395748823,77,2722,3.118475506357162,Average,High,Low
2023-07-08,Saturday,27,Happy,66,4.573211883008009,92,1861,1.926867970204458,Poor,Moderate,Medium
2023-07-09,Sunday,27,Happy,50,7.743155948059438,65,2964,1.3979337328028594,Good,Low,Medium
2023-07-10,Monday,28,Sad,96,6.710606072423374,86,1525,2.5349071536852312,Average,Moderate,Medium
2023-07-11,Tuesday,28,Happy,91,7.519650779052845,82,2548,1.0160384825630935,Average,High,Low
2023-07-12,Wednesday,28,Happy,7,5.0080852464691805,86,2917,3.815241231574432,Average,Moderate,Medium
2023-07-13,Thursday,28,Neutral,161,8.421242469665092,93,2006,2.2444453581668418,Good,Moderate,Low
2023-07-14,Friday,28,Happy,34,9.176782465259372,97,2824,2.2070048657119985,Good,High,High
2023-07-15,Saturday,28,Neutral,95,5.300438800544654,73,2862,2.1717808227453466,Good,Low,Medium
2023-07-16,Sunday,28,Sad,87,4.574287333120971,95,1766,1.2079849911632943,Good,Moderate,Low
2023-07-17,Monday,29,Happy,77,4.141831516278018,67,1960,2.91496671937548,Good,High,Medium
2023-07-18,Tuesday,29,Neutral,31,7.851829002659596,94,1955,3.1990108588850603,Good,High,High
2023-07-19,Wednesday,29,Neutral,119,7.642564216532684,78,2883,3.028376192764871,Good,Moderate,Low
2023-07-20,Thursday,29,Sad,45,7.28018447628442,89,2591,1.415306479988183,Good,Low,Low
2023-07-21,Friday,29,Happy,143,5.391682576695852,73,2506,2.7365205041067777,Good,Moderate,Low
2023-07-22,Saturday,29,Happy,164,6.345435975433088,79,2362,2.7084534525167614,Average,Low,High
2023-07-23,Sunday,29,Neutral,141,7.566858011117038,84,2935,3.605232363824146,Good,Low,High
2023-07-24,Monday,30,Happy,54,6.980601153155016,99,1990,2.137382975126941,Poor,Low,High
2023-07-25,Tuesday,30,Neutral,175,9.926713121289325,83,2572,2.114457830978303,Average,Low,Low
2023-07-26,Wednesday,30,Happy,6,4.818638515340399,73,2063,2.8555811761545566,Good,Moderate,High
2023-07-27,Thursday,30,Neutral,73,8.170867324285563,85,2625,2.899217960498539,Poor,High,Medium
2023-07-28,Friday,30,Happy,6,6.425912608625753,97,1715,2.407855681977371,Good,High,High
2023-07-29,Saturday,30,Sad,160,6.569197689553689,82,2961,2.3291780869912633,Poor,High,Low
2023-07-30,Sunday,30,Happy,150,8.305586593949057,81,2058,2.482443011913648,Poor,High,Medium
2023-07-31,Monday,31,Happy,84,8.154616907946217,78,1658,3.5831358985099357,Poor,High,High
2023-08-01,Tuesday,31,Sad,146,9.94753596221313,62,1988,2.38350070376173,Poor,High,Medium
2023-08-02,Wednesday,31,Happy,111,4.770365736724751,78,2185,3.819795375909467,Average,Moderate,Medium
2023-08-03,Thursday,31,Sad,124,4.624657896304998,68,2765,2.512011290788978,Average,Low,Low
2023-08-04,Friday,31,Happy,146,8.346032902772446,87,2293,3.847602079542674,Poor,High,Medium
2023-08-05,Saturday,31,Neutral,35,7.470321502038455,79,1504,3.498495705607227,Good,Moderate,Medium
2023-08-06,Sunday,31,Neutral,28,5.644963999358835,66,1860,2.0872939678474873,Poor,High,Low
2023-08-07,Monday,32,Happy,81,4.47651621393392,73,1958,3.590924263889848,Average,High,Low
2023-08-08,Tuesday,32,Happy,1,4.513949497578583,68,1747,1.3301898526033455,Good,Low,Low
2023-08-09,Wednesday,32,Happy,128,9.36514524798471,78,2445,3.7751415260290435,Average,Low,Medium
2023-08-10,Thursday,32,Neutral,46,5.151203948312458,73,1921,2.894930545248675,Average,Low,Medium
2023-08-11,Friday,32,Happy,147,5.940229372693125,97,1514,1.1631722455669335,Good,High,Medium
2023-08-12,Saturday,32,Neutral,10,5.359938413361928,95,2235,2.9327701709524345,Poor,High,Low
2023-08-13,Sunday,32,Sad,129,6.129977834991624,99,2645,3.9227429624342682,Poor,High,High
2023-08-14,Monday,33,Neutral,118,4.41654305647656,76,1776,1.2094019638438867,Poor,Low,Medium
2023-08-15,Tuesday,33,Neutral,139,7.114358745449622,89,1952,2.664063129340259,Poor,Moderate,High
2023-08-16,Wednesday,33,Sad,19,4.405675381553289,68,2913,3.2433830492781173,Good,High,Low
2023-08-17,Thursday,33,Neutral,4,8.802139046934169,92,2817,3.430775760098594,Good,High,Medium
2023-08-18,Friday,33,Happy,36,5.402272491462599,84,2097,2.2414823959623877,Good,High,High
2023-08-19,Saturday,33,Happy,165,7.2400714876270635,73,1945,1.612499677504729,Average,Moderate,Medium
2023-08-20,Sunday,33,Neutral,136,9.28047452536875,70,1709,1.1270268363171514,Good,High,Medium
2023-08-21,Monday,34,Happy,52,7.905264214283165,94,2213,2.739178471291674,Poor,Moderate,Medium
2023-08-22,Tuesday,34,Neutral,171,7.197746719308012,73,1801,2.3587332108028325,Average,High,High
2023-08-23,Wednesday,34,Happy,98,5.946002518692254,89,2746,3.846233185449133,Poor,Moderate,Low
2023-08-24,Thursday,34,Happy,85,5.998011478349188,63,1502,1.1818147231447294,Poor,High,Medium
2023-08-25,Friday,34,Neutral,107,8.016921731189141,63,2489,3.0561860303380173,Good,Low,Low
2023-08-26,Saturday,34,Happy,23,9.964836167327006,87,2616,1.0748986663601716,Good,Low,Low
2023-08-27,Sunday,34,Neutral,80,7.971035139096272,67,2019,1.5143025301316282,Poor,Low,High
2023-08-28,Monday,35,Happy,157,7.346700504220149,61,2951,2.3607369997685024,Poor,Low,High
2023-08-29,Tuesday,35,Happy,119,8.383903061435475,81,1992,2.3646173284086047,Average,High,Low
2023-08-30,Wednesday,35,Sad,58,6.791233673702309,75,2758,3.0571016288009316,Good,Low,Medium
2023-08-31,Thursday,35,Sad,127,4.360854055604712,88,2119,3.73063910460327,Average,Moderate,High
2023-09-01,Friday,35,Neutral,113,7.373780895267458,89,2684,2.9170964767447627,Average,Low,Medium
2023-09-02,Saturday,35,Sad,114,9.74575170703228,71,1830,3.8606052935545265,Average,Low,Medium
2023-09-03,Sunday,35,Neutral,13,5.051817654145958,94,1832,3.6448469196339928,Poor,Low,Medium
2023-09-04,Monday,36,Sad,8,8.140029344923995,70,1549,2.7534993865923707,Average,High,Low
2023-09-05,Tuesday,36,Happy,39,5.205602131954339,80,2362,3.5013758527564818,Average,Low,Medium
2023-09-06,Wednesday,36,Neutral,24,7.214966106838488,80,1771,2.927732830970902,Poor,Moderate,Low
2023-09-07,Thursday,36,Neutral,102,4.580058697880318,64,2079,1.2356734927711814,Good,Low,Low
2023-09-08,Friday,36,Happy,21,6.702225617549111,79,2775,3.2216941697785297,Good,Low,Medium
2023-09-09,Saturday,36,Neutral,3,8.536979973371476,96,2059,1.2847253238020386,Average,Low,Medium
2023-09-10,Sunday,36,Neutral,153,6.085429145433892,62,2195,2.7822483417091375,Poor,Moderate,Medium
2023-09-11,Monday,37,Sad,28,7.989470346923309,92,2613,3.1079206175746865,Good,Low,Medium
2023-09-12,Tuesday,37,Neutral,108,8.772699764738375,68,1945,1.1995828246325657,Average,Moderate,Low
2023-09-13,Wednesday,37,Happy,97,9.563066916876716,68,2516,1.6923839617795953,Average,Moderate,Medium
2023-09-14,Thursday,37,Sad,36,5.407852491132721,63,2855,3.7470166967849496,Poor,Low,Medium
2023-09-15,Friday,37,Sad,74,6.395895494855849,94,2662,2.848943476698689,Average,Moderate,Low
2023-09-16,Saturday,37,Happy,69,4.914496079982505,76,1856,1.7388580564315947,Good,High,High
2023-09-17,Sunday,37,Happy,145,9.954901012950252,93,1773,3.07203931344402,Poor,Low,High
2023-09-18,Monday,38,Sad,127,9.562005807545772,83,2542,2.790329259885069,Good,Low,Low
2023-09-19,Tuesday,38,Neutral,84,7.239742781683358,91,1810,2.504727099753845,Good,Moderate,High
2023-09-20,Wednesday,38,Sad,41,9.052199766258529,60,2369,3.928560924964251,Good,Moderate,Low
2023-09-21,Thursday,38,Happy,99,7.125747863632253,67,2385,3.0503613322225265,Average,Low,Medium
2023-09-22,Friday,38,Sad,40,7.741514128016558,82,1653,2.126323329003738,Average,High,Medium
2023-09-23,Saturday,38,Happy,165,4.5347465926960995,99,2913,3.400220296230604,Good,Moderate,High
2023-09-24,Sunday,38,Sad,33,8.531622522980847,71,2783,3.653749878763563,Good,Moderate,Medium
2023-09-25,Monday,39,Neutral,16,4.766280901811409,71,2119,1.3756616785504943,Poor,High,High
2023-09-26,Tuesday,39,Sad,164,8.95640578151517,74,2382,1.6016589335357994,Poor,High,High
2023-09-27,Wednesday,39,Sad,152,8.692168526022314,78,2296,1.648681027383339,Average,Low,Medium
2023-09-28,Thursday,39,Happy,121,8.252468186457858,85,1624,3.073635428159621,Average,High,Medium
2023-09-29,Friday,39,Happy,75,4.216962283148573,88,2877,2.80911866515985,Poor,Low,High
2023-09-30,Saturday,39,Happy,86,5.818770135671972,81,2796,2.8569746940957645,Good,High,Medium
2023-10-01,Sunday,39,Sad,116,5.578675419465057,99,2118,3.822319899068503,Average,Moderate,Low
2023-10-02,Monday,40,Neutral,105,6.160818444829115,80,1744,3.3277345984219178,Good,Low,Medium
2023-10-03,Tuesday,40,Happy,85,4.525856480583031,97,2347,1.3838107735353495,Poor,Low,Medium
2023-10-04,Wednesday,40,Happy,26,9.621746938186376,79,1949,2.042521247275543,Average,Low,Low
2023-10-05,Thursday,40,Sad,56,7.322813444274257,88,2429,2.306180938527207,Average,High,Medium
2023-10-06,Friday,40,Happy,30,5.8331458639481415,63,2770,2.1878847662428145,Poor,Moderate,Medium
2023-10-07,Saturday,40,Neutral,133,6.381889102445701,66,2019,3.0079258274856375,Average,Low,High
2023-10-08,Sunday,40,Neutral,167,6.683215243029014,87,2664,3.675679309769688,Poor,Low,Medium
2023-10-09,Monday,41,Happy,97,7.6035660001637035,87,1861,1.918154390568364,Average,Low,Medium
2023-10-10,Tuesday,41,Happy,11,7.094076566178987,63,1507,2.655631409263557,Poor,Low,Low
2023-10-11,Wednesday,41,Sad,52,9.516351839286504,81,1977,3.3682282657407567,Average,Moderate,High
2023-10-12,Thursday,41,Neutral,137,6.981780897434982,71,2875,2.248654176536048,Good,High,High
2023-10-13,Friday,41,Neutral,172,9.952948088939877,62,1994,1.5043543851978876,Good,Moderate,High
2023-10-14,Saturday,41,Happy,144,9.108549746470574,81,2332,2.4248528957912447,Good,Low,Medium
2023-10-15,Sunday,41,Sad,153,5.251063086144015,61,2950,1.1656675622290855,Average,Moderate,High
2023-10-16,Monday,42,Neutral,121,9.583571287863498,83,2562,3.8271503620068303,Average,Low,Low
2023-10-17,Tuesday,42,Neutral,45,4.698198387312857,93,2092,1.2244636155849191,Good,High,High
2023-10-18,Wednesday,42,Sad,63,8.904698250947149,86,1686,2.3153701457517344,Good,High,Low
2023-10-19,Thursday,42,Sad,129,6.283739760859481,60,2253,2.5896437832655783,Poor,High,High
2023-10-20,Friday,42,Neutral,53,9.267845922670418,67,1592,3.9559114968618565,Poor,Low,High
2023-10-21,Saturday,42,Neutral,106,9.208340140644701,82,1585,1.4980654709285823,Poor,Moderate,Low
2023-10-22,Sunday,42,Sad,50,8.835552400705726,97,2567,1.3432945558370757,Good,High,High
2023-10-23,Monday,43,Neutral,35,8.740182617842368,65,1636,1.0261184411876307,Good,Low,High
2023-10-24,Tuesday,43,Happy,114,5.828074834588245,81,1920,1.466714310607907,Good,Low,High
2023-10-25,Wednesday,43,Happy,25,4.485515698307513,84,1573,1.621818937203003,Poor,Moderate,Medium
2023-10-26,Thursday,43,Sad,28,6.417881072590969,77,2679,2.8917428247492767,Average,High,Low
2023-10-27,Friday,43,Sad,148,5.041147089919052,76,2778,1.6591203711742013,Good,Low,High
2023-10-28,Saturday,43,Sad,10,8.16970653341477,71,1670,1.0615624441879756,Average,Moderate,Low
2023-10-29,Sunday,43,Happy,39,6.076598359226713,65,1669,3.479855036507466,Average,High,Low
2023-10-30,Monday,44,Neutral,10,9.85366120515949,85,2371,2.0967871030119003,Average,Moderate,Low
2023-10-31,Tuesday,44,Happy,163,7.845832464071992,86,1821,2.061090059742202,Poor,Moderate,High
2023-11-01,Wednesday,44,Neutral,112,8.934883381806166,67,1955,1.9074370875037796,Average,Low,High
2023-11-02,Thursday,44,Happy,38,4.79514803645109,78,2443,3.9261198314392627,Good,Low,Low
2023-11-03,Friday,44,Neutral,53,9.172086893635736,60,2289,1.5103462519278446,Poor,Low,Medium
2023-11-04,Saturday,44,Happy,97,9.536543143080365,88,2112,3.6947141918597053,Good,Moderate,Low
2023-11-05,Sunday,44,Sad,54,6.922371512913616,94,2678,3.3304099964196636,Good,Low,Medium
2023-11-06,Monday,45,Happy,110,7.637517626505865,99,2388,1.2294398664979393,Poor,Moderate,Low
2023-11-07,Tuesday,45,Neutral,151,8.588858805417972,73,1848,3.960187304502546,Good,Moderate,Low
2023-11-08,Wednesday,45,Happy,149,5.049031763562475,94,2974,1.8140978906170315,Good,Low,Low
2023-11-09,Thursday,45,Happy,68,7.015396458780654,79,2696,1.295748781067237,Poor,High,High
2023-11-10,Friday,45,Happy,55,6.391978166633878,72,1509,3.4879427023772784,Good,High,Medium
2023-11-11,Saturday,45,Sad,32,4.878243952973495,97,2239,3.1200266010330995,Average,High,Medium
2023-11-12,Sunday,45,Happy,35,6.205206533749188,67,2788,2.8516564176337025,Good,Moderate,Low
2023-11-13,Monday,46,Sad,147,4.409033856312961,79,2961,1.4679425910967994,Average,Moderate,High
2023-11-14,Tuesday,46,Sad,80,4.154871441696922,92,2770,2.4354883487678856,Good,Moderate,High
2023-11-15,Wednesday,46,Happy,108,4.810997734928937,85,2166,3.3416680806616412,Poor,Low,Medium
2023-11-16,Thursday,46,Happy,153,9.778690669535044,98,2045,1.9108718144315207,Poor,Moderate,High
2023-11-17,Friday,46,Happy,72,7.297177215370102,80,1628,1.9350694855451245,Good,Low,Medium
2023-11-18,Saturday,46,Neutral,39,9.794932966919319,68,2100,1.0094227181443665,Poor,Low,Medium
2023-11-19,Sunday,46,Happy,16,6.594987269980792,83,2104,1.5227302049361386,Good,High,Medium
2023-11-20,Monday,47,Sad,128,5.870896798511557,96,1826,3.626216875365503,Poor,High,High
2023-11-21,Tuesday,47,Happy,60,7.036851177041465,76,2479,2.325239474913121,Average,High,Medium
2023-11-22,Wednesday,47,Neutral,170,6.6370701317974605,83,1903,3.9527034977033018,Good,Low,Medium
2023-11-23,Thursday,47,Happy,103,4.633988105570463,80,2128,2.1871238907213777,Average,Low,Low
2023-11-24,Friday,47,Neutral,41,7.844957888141238,98,2882,3.145559364340724,Average,Low,Medium
2023-11-25,Saturday,47,Neutral,24,5.296229095057598,98,2217,1.8457571287141874,Good,Moderate,Medium
2023-11-26,Sunday,47,Happy,38,7.717527729386978,72,2540,2.0914289234228005,Average,Low,Low
2023-11-27,Monday,48,Sad,34,7.901206554388921,70,1773,1.572177962772684,Good,High,Low
2023-11-28,Tuesday,48,Neutral,130,4.912149118771889,78,2184,2.041187105498185,Average,High,High
2023-11-29,Wednesday,48,Happy,107,4.368097762664009,70,1615,2.6417125612619294,Good,Low,Medium
2023-11-30,Thursday,48,Happy,171,8.684569516410638,72,2360,3.975318642937748,Good,Low,High
2023-12-01,Friday,48,Sad,178,6.758802542615921,60,2192,2.9926051392153568,Poor,High,High
2023-12-02,Saturday,48,Neutral,101,4.348982773032855,99,2614,1.5977378632249422,Good,Low,Low
2023-12-03,Sunday,48,Neutral,97,9.969197903018603,78,2605,1.1348843247746534,Good,High,High
2023-12-04,Monday,49,Happy,11,4.346683365978199,71,1823,1.3790694439435318,Average,Moderate,Medium
2023-12-05,Tuesday,49,Happy,18,8.170211373151318,67,2460,2.687665603819142,Good,High,Low
2023-12-06,Wednesday,49,Sad,100,9.902073551580482,67,1613,3.2954809864502987,Poor,Moderate,Medium
2023-12-07,Thursday,49,Sad,43,5.435080625295553,71,2581,3.821257621902241,Average,Low,Medium
2023-12-08,Friday,49,Neutral,48,4.8534962121231775,92,1653,1.0474695159904623,Average,Low,Low
2023-12-09,Saturday,49,Neutral,16,4.728309636534574,85,2927,2.5682804246856095,Poor,Moderate,Medium
2023-12-10,Sunday,49,Happy,73,5.819650885405573,98,2789,2.41260206866953,Average,Low,Low
2023-12-11,Monday,50,Neutral,56,4.60627486606388,87,1814,2.9681650659271117,Average,Moderate,Medium
2023-12-12,Tuesday,50,Sad,54,8.152968050164791,64,2564,2.6787365633960256,Average,Low,Low
2023-12-13,Wednesday,50,Sad,46,4.373750788780376,67,1604,3.0611174517474415,Average,High,High
2023-12-14,Thursday,50,Happy,11,7.056532768898738,84,2716,2.974247754247571,Poor,Low,Medium
2023-12-15,Friday,50,Sad,61,9.98018112311786,86,2924,1.3510351745738385,Poor,High,Low
2023-12-16,Saturday,50,Sad,79,8.883821617036112,82,2801,3.3991537408561587,Average,High,Medium
2023-12-17,Sunday,50,Sad,82,7.6913166293860655,89,1853,1.3696977271489745,Average,Moderate,Medium
2023-12-18,Monday,51,Sad,7,5.83752172471967,82,2515,3.0955918756274112,Poor,Low,Medium
2023-12-19,Tuesday,51,Happy,148,7.74337501774983,79,2232,2.2484361029218203,Poor,Moderate,Low
2023-12-20,Wednesday,51,Happy,80,7.162248783469909,77,2208,2.5415522037297937,Poor,Low,High
2023-12-21,Thursday,51,Neutral,117,6.556500303342229,77,2779,3.7098940431271314,Average,High,High
2023-12-22,Friday,51,Sad,24,4.784262260441197,61,2150,3.66965117942046,Average,High,High
2023-12-23,Saturday,51,Neutral,88,9.3196252914428,63,2323,3.4535689169650885,Good,Low,Low
2023-12-24,Sunday,51,Happy,11,6.698707892927935,89,2446,2.5304451413689697,Poor,Low,High
2023-12-25,Monday,52,Happy,142,5.16773507092459,92,2160,3.208719430401499,Average,Moderate,Low
2023-12-26,Tuesday,52,Happy,58,6.206556105263738,95,1598,2.5386911665564282,Poor,Low,Medium
2023-12-27,Wednesday,52,Happy,153,6.484778515173562,77,2087,3.6088182474243324,Average,Low,Medium
2023-12-28,Thursday,52,Happy,108,8.965227373401245,96,1781,2.2083274996987,Poor,Low,High
2023-12-29,Friday,52,Happy,25,8.401686283368413,78,1902,3.9107060332446304,Average,Moderate,Low
2023-12-30,Saturday,52,Happy,46,8.61582936184804,87,2632,3.7969682746866327,Good,Low,Medium
2023-12-31,Sunday,52,Sad,31,4.066187586571884,99,2199,3.2248078583553568,Good,High,Low
